url_path,views_total,views_unique
/l3af-project/eBPF-Package-Repository,4,4
/l3af-project/eBPF-Package-Repository/blob/main/ratelimiting/ratelimiting.bpf.c,1,1
/l3af-project/eBPF-Package-Repository/discussions,1,1
/l3af-project/eBPF-Package-Repository/discussions/categories/-q,1,1
/l3af-project/eBPF-Package-Repository/discussions/categories/polls,1,1
/l3af-project/eBPF-Package-Repository/discussions/categories/q,1,1
/l3af-project/eBPF-Package-Repository/tree/main,1,1
/l3af-project/eBPF-Package-Repository/tree/main/ratelimiting,1,1
/l3af-project/eBPF-Package-Repository/tree/main/traffic-mirroring,1,1
